import csv
import copy

#myMixedTypeList = [45, 290578, 1.02, True, "My dog is on the bed.", "45"]
#for item in myMixedTypeList:
    #print("{} is of the data type {}".format(item,type(item)))
    
vin,make,model,year,range,topSpeed,zeroSixty,mileage
TMX20122,AnyCompany Motors, Coupe, 2012, 335, 155, 4.1, 50000
TM320163,AnyCompany Motors, Sedan, 2016, 240, 140, 5.2, 20000
TMX20121,AnyCompany Motors, SUV, 2012, 295, 155, 4.7, 100000
TMX20204,AnyCompany Motors, Truck, 2020, 300, 155, 3.5, 0

myVehicle = {
    "vin" : "<empty>",
    "make" : "<empty>" ,
    "model" : "<empty>" ,
    "year" : 0,
    "range" : 0,
    "topSpeed" : 0,
    "zeroSixty" : 0.0,
    "mileage" : 0
}

for key, value in myVehicle.items():
    print("{} : {}".format(key,value))
myInventoryList = []